Course,,Discipline,,,CGPA,Company [on-campus/ off-campus/PPO],,Profile,,CTC Offered,,Type of Offer,
Integrated M.Tech,,Applied Geology,,,8.6,Axtria,,,,14.75,,On-Campus,
Integrated M.Tech,,Applied Geology,,,7.31,Merilytics,,Senior Business Analyst,,9.5,,On-Campus,
Integrated M.Tech,,Applied Geology,,,8.53,Merilytics,,Senior Analyst - Data Science,,10.3,,On-Campus,
Integrated M.Tech,,Applied Geology,,,7.52,Quantiphi,,Business Analyst,,8.5,,On-Campus,
Integrated M.Tech,,Applied Geology,,,7.92,Sprinklr,,Product Analyst,,18,,On-Campus,
Integrated M.Tech,,Applied Geology,,,7.42,ZS Associates,,Data Analyst,,12.85,,PPO,
Integrated M.Tech,,Applied Geophysics,,,7.88,Axtria,,,,14.75,,On-Campus,
Integrated M.Tech,,Applied Geophysics,,,8.45,ONGC,,Geophysicist (Surface),,25,,On-Campus,
Integrated M.Tech,,Applied Geophysics,,,8.99,ONGC,,Geophysicist (Wells),,25,,On-Campus,
Integrated M.Tech,,Applied Geophysics,,,8.31,Tiger analytics,,,,10,,On-Campus,
Integrated M.Tech,,Applied Geophysics,,,8.02,Truminds,,,,13.5,,On-Campus,
Integrated M.Tech,,Applied Geophysics,,,7.44,ZS Associates,,DSA,,18.25,,On-Campus,
B.Tech,,Chemical Engineering,,,7.27,Axis Bank,,Analyst,,14,,On-Campus,
B.Tech,,Chemical Engineering,,,8.37,Axis Bank,,Analyst,,14,,On-Campus,
B.Tech,,Chemical Engineering,,,8.41,Axis Bank,,Analyst,,14,,On-Campus,
B.Tech,,Chemical Engineering,,,7.38,Axxela Advisory,,,,11.5,,On-Campus,
B.Tech,,Chemical Engineering,,,7.09,Cogoport,,,,14,,On-Campus,
B.Tech,,Chemical Engineering,,,7.89,Cogoport,,,,14,,On-Campus,
B.Tech,,Chemical Engineering,,,7.34,Cubation Consulting,,,,7.66,,On-Campus,
B.Tech,,Chemical Engineering,,,8.61,Cubation Consulting,,,,7.66,,On-Campus,
B.Tech,,Chemical Engineering,,,6.79,Holcim Group_ACC cement,,0,,10,,On-Campus,
B.Tech,,Chemical Engineering,,,7.62,ICICI Bank,,,,16,,On-Campus,
B.Tech,,Chemical Engineering,,,7.81,Innovaccer,,APM,,12,,On-Campus,
B.Tech,,Chemical Engineering,,,8.48,Innovaccer,,APM,,12,,On-Campus,
B.Tech,,Chemical Engineering,,,6.5,Medibuddy,,SDE-I,,15,,On-Campus,
B.Tech,,Chemical Engineering,,,7.52,Merilytics,,Senior Business Analyst,,9.5,,On-Campus,
B.Tech,,Chemical Engineering,,,8.13,Merilytics,,Senior Technical Associate,,9.5,,On-Campus,
B.Tech,,Chemical Engineering,,,6.64,PhonePe,,,,30.5,,On-Campus,
B.Tech,,Chemical Engineering,,,8.41,PhonePe,,,,30.5,,On-Campus,
B.Tech,,Chemical Engineering,,,7.79,Reliance Industries (E&P),,GET,,9,,On-Campus,
B.Tech,,Chemical Engineering,,,8.29,Reliance Industries (E&P),,GET,,9,,On-Campus,
B.Tech,,Chemical Engineering,,,6.14,Reliance Jio (TS2),,,,15,,On-Campus,
B.Tech,,Chemical Engineering,,,8.7,Sprinklr,,Product Analyst,,18,,On-Campus,
B.Tech,,Chemical Engineering,,,9.1,Tata Steel,,Management Trainee Technical,,10.52,,PPO,
B.Tech,,Chemical Engineering,,,8.05,Testbook,,SDE,,14,,On-Campus,
B.Tech,,Chemical Engineering,,,7.89,Udaan,,,,40,,On-Campus,
B.Tech,,Chemical Engineering,,,6.94,Vedanta_ESL Ltd.,,GET,,0,,On-Campus,
B.Tech,,Chemical Engineering,,,7.58,Vedanta_ESL Ltd.,,GET,,0,,On-Campus,
B.Tech,,Chemical Engineering,,,7.09,ZS Associates,,,,18.25,,On-Campus,
B.Tech,,Civil Engineering,,,7.82,Accenture Japan,,,,49.13,,On-Campus,
B.Tech,,Civil Engineering,,,6.61,Beehyv,,Developer- Trainee,,7,,On-Campus,
B.Tech,,Civil Engineering,,,7.31,Capgemini,,Associate Consultant,,10,,On-Campus,
B.Tech,,Civil Engineering,,,7.59,Cogoport,,,,14,,On-Campus,
B.Tech,,Civil Engineering,,,7.31,Cubation Consulting,,,,7.66,,On-Campus,
B.Tech,,Civil Engineering,,,8,Cubation Consulting,,,,7.66,,On-Campus,
B.Tech,,Civil Engineering,,,6.43,Future First,,,,12.4,,On-Campus,
B.Tech,,Civil Engineering,,,6.95,Future First,,,,12.4,,On-Campus,
B.Tech,,Civil Engineering,,,8.17,Google India,,,,30.36,,On-Campus,
B.Tech,,Civil Engineering,,,8.07,Holcim Group_ACC cement,,0,,10,,On-Campus,
B.Tech,,Civil Engineering,,,6.15,ICICI Bank,,,,16,,On-Campus,
B.Tech,,Civil Engineering,,,6.69,idrive,,,,15,,On-Campus,
B.Tech,,Civil Engineering,,,8.12,Innovaccer,,APM,,12,,On-Campus,
B.Tech,,Civil Engineering,,,7.19,L&T Construction,,,,6,,On-Campus,
B.Tech,,Civil Engineering,,,7.35,L&T Construction,,,,6,,On-Campus,
B.Tech,,Civil Engineering,,,7.76,L&T Construction,,,,6,,On-Campus,
B.Tech,,Civil Engineering,,,7.79,L&T Construction,,,,6,,On-Campus,
B.Tech,,Civil Engineering,,,8.09,L&T Construction,,,,6,,On-Campus,
B.Tech,,Civil Engineering,,,8.35,L&T Construction,,,,6,,On-Campus,
B.Tech,,Civil Engineering,,,8.59,L&T Construction,,,,6,,On-Campus,
B.Tech,,Civil Engineering,,,8.75,L&T Construction,,,,6,,On-Campus,
B.Tech,,Civil Engineering,,,8.91,L&T Construction,,,,6,,On-Campus,
B.Tech,,Civil Engineering,,,5.91,Nineleaps,,SDE,,12,,On-Campus,
B.Tech,,Civil Engineering,,,8.01,Nineleaps,,SDE,,12,,On-Campus,
B.Tech,,Civil Engineering,,,7.6,Quantiphi,,,,8.5,,On-Campus,
B.Tech,,Civil Engineering,,,7.64,Reliance Jio (TS2),,,,15,,On-Campus,
B.Tech,,Civil Engineering,,,7.46,Scheneider Electic,,,,15,,On-Campus,
B.Tech,,Civil Engineering,,,7.84,Sprinklr,,Product Analyst,,18,,On-Campus,
B.Tech,,Civil Engineering,,,7.18,Talent Recruit,,Software Engineer,,10,,On-Campus,
B.Tech,,Computer Science and Engineering,,,7.68,Accenture Japan,,,,49.13,,On-Campus,
B.Tech,,Computer Science and Engineering,,,8.5,Adobe,,Member of Technical Staff,,14.85,,PPO,
B.Tech,,Computer Science and Engineering,,,7.72,Amazon India,,,,29.91,,PPO,
B.Tech,,Computer Science and Engineering,,,8.06,Amazon India,,,,29.91,,PPO,
Dual Degree,,Computer Science and Engineering,,,8.74,Amazon India,,,,44.1,,On-Campus,
B.Tech,,Computer Science and Engineering,,,8.96,Amazon India,,,,29.91,,PPO,
B.Tech,,Computer Science and Engineering,,,9.15,Amazon India,,,,29.91,,PPO,
B.Tech,,Computer Science and Engineering,,,8.14,Amazon India(wow),,Associate Developer,,7.5,,PPO,
B.Tech,,Computer Science and Engineering,,,6.04,Amdocs,,,,10,,On-Campus,
Dual Degree,,Computer Science and Engineering,,,6.07,Amdocs,,,,10,,On-Campus,
B.Tech,,Computer Science and Engineering,,,6.4,Amdocs,,,,10,,On-Campus,
B.Tech,,Computer Science and Engineering,,,6.62,Amdocs,,,,10,,On-Campus,
B.Tech,,Computer Science and Engineering,,,8.01,Arista Networks,,,,7,,PPO,
B.Tech,,Computer Science and Engineering,,,8.18,Arista Networks,,,,7,,PPO,
B.Tech,,Computer Science and Engineering,,,8.36,Arista Networks,,,,7,,PPO,
B.Tech,,Computer Science and Engineering,,,8.6,Arista Networks,,,,7,,PPO,
B.Tech,,Computer Science and Engineering,,,9.09,Arista Networks,,,,23.55,,On-Campus,
B.Tech,,Computer Science and Engineering,,,9.16,Arista Networks,,,,23.55,,On-Campus,
B.Tech,,Computer Science and Engineering,,,9.27,Arista Networks,,,,7,,PPO,
B.Tech,,Computer Science and Engineering,,,8.16,Atlassian,,,,26.57,,On-Campus,
B.Tech,,Computer Science and Engineering,,,8.56,Atlassian,,,,26.57,,On-Campus,
B.Tech,,Computer Science and Engineering,,,6.89,Barclays,,,,16.2,,On-Campus,
B.Tech,,Computer Science and Engineering,,,7.42,Barclays,,Business Analyst,,18.7,,PPO,
Dual Degree,,Computer Science and Engineering,,,6.88,Cashfree,,,,19,,On-Campus,
B.Tech,,Computer Science and Engineering,,,8.25,Ceromorphic,,,,30,,On-Campus,
B.Tech,,Computer Science and Engineering,,,6.1,Cognizent,,Base++,,10,,On-Campus,
B.Tech,,Computer Science and Engineering,,,8.23,Cogoport,,,,14,,On-Campus,
B.Tech,,Computer Science and Engineering,,,6.08,Decimal Technologies,,,,12,,On-Campus,
B.Tech,,Computer Science and Engineering,,,8.44,Expedia,,,,12.91,,Off campus,
B.Tech,,Computer Science and Engineering,,,6.11,Fiserv,,,,15,,On-Campus,
B.Tech,,Computer Science and Engineering,,,7.26,Flipkart,,,,28.58,,On-Campus,
B.Tech,,Computer Science and Engineering,,,7.46,Flipkart,,,,28.58,,On-Campus,
B.Tech,,Computer Science and Engineering,,,7.61,Flipkart,,Software Develpoment Engineer,,26.58,,PPO,
Dual Degree,,Computer Science and Engineering,,,8,Flipkart,,,,28.58,,On-Campus,
B.Tech,,Computer Science and Engineering,,,8.36,Flipkart,,Software Develpoment Engineer,,26.58,,PPO,
B.Tech,,Computer Science and Engineering,,,8.89,Flipkart,,,,28.58,,On-Campus,
B.Tech,,Computer Science and Engineering,,,9.31,Flipkart,,Software Develpoment Engineer,,26.58,,PPO,
B.Tech,,Computer Science and Engineering,,,6.83,Florance Capital,,,,20,,On-Campus,
B.Tech,,Computer Science and Engineering,,,7.72,Goldman Sachs,,Software Engineer,,31.5,,PPO,
B.Tech,,Computer Science and Engineering,,,7.82,Goldman Sachs,,Software Engineer,,31.5,,PPO,
Dual Degree,,Computer Science and Engineering,,,7.92,Goldman Sachs,,,,23,,On-Campus,
B.Tech,,Computer Science and Engineering,,,8.24,Goldman Sachs,,Software Engineer,,31.5,,PPO,
B.Tech,,Computer Science and Engineering,,,8.27,Goldman Sachs,,,,23,,On-Campus,
B.Tech,,Computer Science and Engineering,,,8.46,Goldman Sachs,,Software Engineer,,31.5,,PPO,
B.Tech,,Computer Science and Engineering,,,8.5,Goldman Sachs,,,,23,,On-Campus,
B.Tech,,Computer Science and Engineering,,,9.07,Goldman Sachs,,Software Engineer,,31.5,,PPO,
B.Tech,,Computer Science and Engineering,,,7.49,Google India,,,,30.36,,On-Campus,
Dual Degree,,Computer Science and Engineering,,,8.16,Google India,,Software Engineer,,30.36,,PPO,
B.Tech,,Computer Science and Engineering,,,8.16,Google India,,Software Engineer,,30.36,,PPO,
Dual Degree,,Computer Science and Engineering,,,8.47,Google India,,,,30.36,,On-Campus,
B.Tech,,Computer Science and Engineering,,,8.55,Google India,,Software Engineer,,30.36,,PPO,
B.Tech,,Computer Science and Engineering,,,8.59,Google India,,Software Engineer,,30.36,,PPO,
B.Tech,,Computer Science and Engineering,,,8.9,Google India,,Software Engineer,,30.36,,PPO,
B.Tech,,Computer Science and Engineering,,,9.13,Google India,,Software Engineer,,30.36,,PPO,
B.Tech,,Computer Science and Engineering,,,7.48,IBM,,,,15,,On-Campus,
B.Tech,,Computer Science and Engineering,,,7.45,Indeed,,,,24.65,,On-Campus,
B.Tech,,Computer Science and Engineering,,,7.97,Inmobi,,,,31.53,,On-Campus,
Dual Degree,,Computer Science and Engineering,,,8.58,Inmobi,,,,31.53,,On-Campus,
B.Tech,,Computer Science and Engineering,,,7.96,Innovaccer,,APM,,12,,On-Campus,
B.Tech,,Computer Science and Engineering,,,8.2,Instabase,,,,10,,CDC Assisted Off-Campus,
B.Tech,,Computer Science and Engineering,,,8.11,Intuit,,Software Engineer,,37.26,,Off campus,
Dual Degree,,Computer Science and Engineering,,,7.54,Jaguar Landrover,,,,21.28,,On-Campus,
B.Tech,,Computer Science and Engineering,,,7.34,Meesho,,,,37,,On-Campus,
B.Tech,,Computer Science and Engineering,,,7.98,Meesho,,,,37,,On-Campus,
B.Tech,,Computer Science and Engineering,,,5.99,Microsoft India,,,,46.08,,On-Campus,
B.Tech,,Computer Science and Engineering,,,7.59,Microsoft India,,,,46.08,,On-Campus,
B.Tech,,Computer Science and Engineering,,,7.75,Microsoft India,,,,46.08,,On-Campus,
B.Tech,,Computer Science and Engineering,,,7.76,Microsoft India,,,,46.08,,On-Campus,
B.Tech,,Computer Science and Engineering,,,7.78,Microsoft India,,,,46.08,,On-Campus,
B.Tech,,Computer Science and Engineering,,,7.99,Microsoft India,,,,46.08,,On-Campus,
B.Tech,,Computer Science and Engineering,,,8.19,Microsoft India,,,,45.03,,PPO,
B.Tech,,Computer Science and Engineering,,,8.3,Microsoft India,,,,46.08,,On-Campus,
B.Tech,,Computer Science and Engineering,,,8.59,Microsoft India,,,,45.03,,PPO,
B.Tech,,Computer Science and Engineering,,,8.71,Microsoft India,,,,46.08,,On-Campus,
Dual Degree,,Computer Science and Engineering,,,8.76,Microsoft India,,,,46.08,,On-Campus,
Dual Degree,,Computer Science and Engineering,,,8.8,Microsoft India,,,,45.03,,PPO,
B.Tech,,Computer Science and Engineering,,,8.86,Microsoft India,,,,45.03,,PPO,
B.Tech,,Computer Science and Engineering,,,8.9,Microsoft India,,,,45.03,,PPO,
B.Tech,,Computer Science and Engineering,,,9.04,Microsoft India,,,,45.03,,PPO,
B.Tech,,Computer Science and Engineering,,,9.19,Microsoft India,,,,45.03,,PPO,
B.Tech,,Computer Science and Engineering,,,9.26,Microsoft India,,,,45.03,,PPO,
B.Tech,,Computer Science and Engineering,,,6.88,Money Forward,,,,45.08,,On-Campus,
B.Tech,,Computer Science and Engineering,,,7.47,Money Forward,,,,45.08,,On-Campus,
B.Tech,,Computer Science and Engineering,,,7.12,Morgan Stanley,,,,25.33,,On-Campus,
B.Tech,,Computer Science and Engineering,,,7.11,Myntra,,,,30,,On-Campus,
B.Tech,,Computer Science and Engineering,,,7.23,Myntra,,,,30,,On-Campus,
B.Tech,,Computer Science and Engineering,,,7.37,Myntra,,,,30,,On-Campus,
B.Tech,,Computer Science and Engineering,,,7.07,Navi Technology,,,,29,,On-Campus,
B.Tech,,Computer Science and Engineering,,,7.44,Navi Technology,,,,29,,On-Campus,
B.Tech,,Computer Science and Engineering,,,7.71,Navi Technology,,,,29,,On-Campus,
B.Tech,,Computer Science and Engineering,,,8.14,Navi Technology,,,,29,,On-Campus,
B.Tech,,Computer Science and Engineering,,,8.87,Navi Technology,,,,29,,On-Campus,
B.Tech,,Computer Science and Engineering,,,6.5,Nineleaps,,SDE,,12,,On-Campus,
Dual Degree,,Computer Science and Engineering,,,7.59,Oracle,,,,31.95,,On-Campus,
Dual Degree,,Computer Science and Engineering,,,6.03,PWC,,,,11.25,,On-Campus,
B.Tech,,Computer Science and Engineering,,,6.02,Reliance Jio (TS1),,,,18.5,,On-Campus,
B.Tech,,Computer Science and Engineering,,,6.44,Reliance Jio (TS1),,,,18.5,,On-Campus,
B.Tech,,Computer Science and Engineering,,,6.68,Reliance Jio (TS1),,,,18.5,,On-Campus,
B.Tech,,Computer Science and Engineering,,,6.73,Reliance Jio (TS1),,,,18.5,,On-Campus,
B.Tech,,Computer Science and Engineering,,,7.06,Reliance Jio (TS1),,,,18.5,,On-Campus,
Dual Degree,,Computer Science and Engineering,,,7.11,Reliance Jio (TS1),,,,18.5,,On-Campus,
B.Tech,,Computer Science and Engineering,,,7.12,Reliance Jio (TS1),,,,18.5,,On-Campus,
Dual Degree,,Computer Science and Engineering,,,7.37,Reliance Jio (TS1),,,,18.5,,On-Campus,
Dual Degree,,Computer Science and Engineering,,,7.57,Reliance Jio (TS1),,,,18.5,,On-Campus,
B.Tech,,Computer Science and Engineering,,,7.72,Reliance Jio (TS1),,,,18.5,,On-Campus,
B.Tech,,Computer Science and Engineering,,,8.31,Reliance Jio (TS1),,,,18.5,,On-Campus,
B.Tech,,Computer Science and Engineering,,,9.13,Reliance Jio (TS1),,,,18.5,,On-Campus,
Dual Degree,,Computer Science and Engineering,,,8.3,Salesforce,,,,35.37,,PPO,
B.Tech,,Computer Science and Engineering,,,8.36,Salesforce,,,,35.37,,PPO,
B.Tech,,Computer Science and Engineering,,,8.78,Salesforce,,,,35.37,,PPO,
B.Tech,,Computer Science and Engineering,,,9,Salesforce,,,,35.37,,PPO,
B.Tech,,Computer Science and Engineering,,,8.14,"Samsung Research Institute, Bangalore",,,,20,,On-Campus,
B.Tech,,Computer Science and Engineering,,,8.29,"Samsung Research Institute, Bangalore",,Software Developer,,20,,PPO,
B.Tech,,Computer Science and Engineering,,,8.74,"Samsung Research Institute, Bangalore",,,,40,,On-Campus,
B.Tech,,Computer Science and Engineering,,,8.92,"Samsung Research Institute, Bangalore",,Software Developer,,20,,PPO,
Dual Degree,,Computer Science and Engineering,,,7.07,"Samsung Research Institute, Noida",,R&D Engineer,,,,On-Campus,
B.Tech,,Computer Science and Engineering,,,8.8,Sandvine,,,,18.45,,On-Campus,
B.Tech,,Computer Science and Engineering,,,7.59,Sliceit,,,,23,,On-Campus,
B.Tech,,Computer Science and Engineering,,,7.63,Sprinklr,,,,18,,On-Campus,
B.Tech,,Computer Science and Engineering,,,8.42,Sprinklr,,Product Engineer,,30,,PPO,
B.Tech,,Computer Science and Engineering,,,8.65,Sprinklr,,Product Engineer,,30,,PPO,
B.Tech,,Computer Science and Engineering,,,9.11,Sprinklr,,Product Engineer,,30,,PPO,
B.Tech,,Computer Science and Engineering,,,9.65,Sprinklr,,Product Engineer,,30,,PPO,
B.Tech,,Computer Science and Engineering,,,7.42,Standard Chartered,,,,18.2,,PPO,
B.Tech,,Computer Science and Engineering,,,7.73,Standard Chartered,,,,18.2,,PPO,
B.Tech,,Computer Science and Engineering,,,7.96,Standard Chartered,,,,18.2,,PPO,
B.Tech,,Computer Science and Engineering,,,5.94,Sterlite Technologies LTD,,GET,,16,,On-Campus,
B.Tech,,Computer Science and Engineering,,,7.07,Sterlite Technologies LTD,,GET,,16,,On-Campus,
B.Tech,,Computer Science and Engineering,,,7.52,Toppr,,,,21,,On-Campus,
B.Tech,,Computer Science and Engineering,,,8.59,Walmart,,Software Engineer,,22.62,,PPO,
B.Tech,,Computer Science and Engineering,,,8.96,Walmart,,,,29,,On-Campus,
B.Tech,,Computer Science and Engineering,,,8.98,Walmart,,Software Engineer,,22.62,,PPO,
Dual Degree,,Computer Science and Engineering,,,7.26,Wipro Limited,,Project Engineer,,6.5,,On-Campus,
B.Tech,,Computer Science and Engineering,,,7.77,Zomato,,,,20,,On-Campus,
B.Tech,,Electrical Engineering,,,8.53,Addverb,,,,14.33,,On-Campus,
B.Tech,,Electrical Engineering,,,8.73,Adobe,,Member of Technical Staff,,14.85,,PPO,
B.Tech,,Electrical Engineering,,,8.04,Amazon India,,,,29.91,,PPO,
B.Tech,,Electrical Engineering,,,9.16,Amazon India,,,,44.1,,On-Campus,
B.Tech,,Electrical Engineering,,,7.5,American Express,,,,19.19,,On-Campus,
B.Tech,,Electrical Engineering,,,8.73,American Express,,Engineer Trainee,,17.67,,Online Event,
B.Tech,,Electrical Engineering,,,8.58,Atlassian,,,,26.57,,On-Campus,
B.Tech,,Electrical Engineering,,,8.81,Atlassian,,,,26.57,,On-Campus,
B.Tech,,Electrical Engineering,,,8.98,Bajaj Auto,,,,14.09,,On-Campus,
B.Tech,,Electrical Engineering,,,6.23,Beehyv,,,,7,,On-Campus,
B.Tech,,Electrical Engineering,,,7.41,Capgemini,,Associate Consultant,,10,,On-Campus,
B.Tech,,Electrical Engineering,,,8.1,Capgemini,,Associate Consultant,,10,,On-Campus,
B.Tech,,Electrical Engineering,,,7.35,Cogoport,,,,14,,On-Campus,
B.Tech,,Electrical Engineering,,,6.18,Field Genie Pvt Ltd,,Management Traniee,,8,,On-Campus,
B.Tech,,Electrical Engineering,,,7.5,Fiserv,,,,15,,On-Campus,
B.Tech,,Electrical Engineering,,,7.55,Fiserv,,,,15,,On-Campus,
B.Tech,,Electrical Engineering,,,7.27,Flipkart,,,,28.58,,On-Campus,
B.Tech,,Electrical Engineering,,,8.17,Flipkart,,,,28.58,,On-Campus,
B.Tech,,Electrical Engineering,,,6.29,Future First,,,,12.4,,On-Campus,
B.Tech,,Electrical Engineering,,,6.04,HCL,,Analytics,,8.5,,On-Campus,
B.Tech,,Electrical Engineering,,,6.3,HCL,,Softwarisation,,8.5,,On-Campus,
B.Tech,,Electrical Engineering,,,6.36,HCL,,Analytics,,8.5,,On-Campus,
B.Tech,,Electrical Engineering,,,6.4,HCL,,Softwarisation,,8.5,,On-Campus,
B.Tech,,Electrical Engineering,,,6.74,HCL,,CDMA Hetran,,8.5,,On-Campus,
B.Tech,,Electrical Engineering,,,7.56,Hitachi Vantara,,,,10,,On-Campus,
B.Tech,,Electrical Engineering,,,8.1,Hitachi Vantara,,,,10,,On-Campus,
B.Tech,,Electrical Engineering,,,7.51,ICICI Bank,,,,16,,On-Campus,
B.Tech,,Electrical Engineering,,,7.77,ICICI Bank,,,,16,,On-Campus,
B.Tech,,Electrical Engineering,,,8.06,ICICI Bank,,,,16,,On-Campus,
B.Tech,,Electrical Engineering,,,8.48,ICICI Bank,,,,16,,On-Campus,
B.Tech,,Electrical Engineering,,,8.59,ICICI Bank,,,,16,,On-Campus,
B.Tech,,Electrical Engineering,,,8.05,Innovaccer,,APM,,12,,On-Campus,
B.Tech,,Electrical Engineering,,,8.14,Innovaccer,,APM,,12,,On-Campus,
B.Tech,,Electrical Engineering,,,7.17,Jaguar Landrover,,,,21.28,,On-Campus,
B.Tech,,Electrical Engineering,,,9.04,Jaguar Landrover,,,,21.28,,On-Campus,
B.Tech,,Electrical Engineering,,,6.45,Medibuddy,,SDE-I,,15,,On-Campus,
B.Tech,,Electrical Engineering,,,8.02,Meesho,,,,37,,On-Campus,
B.Tech,,Electrical Engineering,,,8.59,Meesho,,,,37,,On-Campus,
B.Tech,,Electrical Engineering,,,7.51,Merilytics,,Senior Business Analyst,,9.5,,On-Campus,
B.Tech,,Electrical Engineering,,,8.42,Merilytics,,Senior Business Analyst,,9.5,,On-Campus,
B.Tech,,Electrical Engineering,,,6.99,Microsoft India,,,,46.08,,On-Campus,
B.Tech,,Electrical Engineering,,,7.96,Microsoft India,,,,46.08,,On-Campus,
B.Tech,,Electrical Engineering,,,8.22,Microsoft India,,,,46.08,,On-Campus,
B.Tech,,Electrical Engineering,,,8.42,Microsoft India,,,,46.08,,On-Campus,
B.Tech,,Electrical Engineering,,,8.67,Microsoft India,,,,46.08,,On-Campus,
B.Tech,,Electrical Engineering,,,8.95,Microsoft India,,,,45.03,,PPO,
B.Tech,,Electrical Engineering,,,8.03,Money Forward,,,,45.08,,On-Campus,
B.Tech,,Electrical Engineering,,,7.62,Morgan Stanley,,,,25.33,,On-Campus,
B.Tech,,Electrical Engineering,,,8.04,Myntra,,,,30,,On-Campus,
B.Tech,,Electrical Engineering,,,8.26,Myntra,,,,30,,On-Campus,
B.Tech,,Electrical Engineering,,,6.96,Nucleus Software,,ASE,,10,,On-Campus,
B.Tech,,Electrical Engineering,,,7.76,Nucleus Software,,ASE,,10,,On-Campus,
B.Tech,,Electrical Engineering,,,7.66,Oracle,,,,31.95,,On-Campus,
B.Tech,,Electrical Engineering,,,7.61,Paytm,,SRIB,,21,,On-Campus,
B.Tech,,Electrical Engineering,,,8.24,Paytm,,SRIB,,21,,On-Campus,
B.Tech,,Electrical Engineering,,,6.29,PWC,,,,10,,On-Campus,
B.Tech,,Electrical Engineering,,,8.34,PWC,,,,10,,On-Campus,
B.Tech,,Electrical Engineering,,,6.35,Reliance Jio (TS2),,,,15,,On-Campus,
B.Tech,,Electrical Engineering,,,6.56,Reliance Jio (TS2),,,,15,,On-Campus,
B.Tech,,Electrical Engineering,,,7.09,Reliance Jio (TS2),,,,15,,On-Campus,
B.Tech,,Electrical Engineering,,,7.48,Reliance Jio (TS2),,,,15,,On-Campus,
B.Tech,,Electrical Engineering,,,8.53,"Samsung Research Institute, Bangalore",,Software Develper,,20,,PPO,
B.Tech,,Electrical Engineering,,,8.58,"Samsung Research Institute, Bangalore",,,,40,,On-Campus,
B.Tech,,Electrical Engineering,,,7.86,Sandvine,,,,18.45,,On-Campus,
B.Tech,,Electrical Engineering,,,7.7,Sling Media,,,,12.72,,On-Campus,
B.Tech,,Electrical Engineering,,,8.06,Sprinklr,,Product Analyst,,18,,On-Campus,
B.Tech,,Electrical Engineering,,,8.18,Sprinklr,,Product Analyst,,18,,On-Campus,
B.Tech,,Electrical Engineering,,,8.63,Sterlite Technologies LTD,,GET,,16,,On-Campus,
B.Tech,,Electrical Engineering,,,8.7,Sterlite Technologies LTD,,GET,,16,,On-Campus,
B.Tech,,Electrical Engineering,,,7.08,SUDLife,,GET - SDE I – Digital Transformation,,,,On-Campus,
B.Tech,,Electrical Engineering,,,7.88,Toppr,,,,21,,On-Campus,
B.Tech,,Electrical Engineering,,,8.52,Toppr,,,,21,,On-Campus,
B.Tech,,Electrical Engineering,,,8.57,Unacademy,,,,20,,On-Campus,
B.Tech,,Electrical Engineering,,,8.57,Walmart,,,,29,,On-Campus,
B.Tech,,Electrical Engineering,,,8.75,Walmart,,,,29,,On-Campus,
B.Tech,,Electrical Engineering,,,7.78,Zomato,,,,20,,On-Campus,
B.Tech,,Electronics & Communication Engineering,,,6.71,Accenture India,,,,15.92,,On-Campus,
B.Tech,,Electronics & Communication Engineering,,,8.18,Amazon India,,,,44.1,,On-Campus,
B.Tech,,Electronics & Communication Engineering,,,8.21,Amazon India,,,,44.1,,On-Campus,
B.Tech,,Electronics & Communication Engineering,,,8.36,Amazon India,,,,44.1,,On-Campus,
B.Tech,,Electronics & Communication Engineering,,,8.4,Amazon India,,,,44.1,,On-Campus,
B.Tech,,Electronics & Communication Engineering,,,8.57,Amazon India,,,,44.1,,On-Campus,
B.Tech,,Electronics & Communication Engineering,,,6.14,Amdocs,,,,10,,On-Campus,
B.Tech,,Electronics & Communication Engineering,,,6.29,Amdocs,,,,10,,On-Campus,
B.Tech,,Electronics & Communication Engineering,,,6.38,Amdocs,,,,10,,On-Campus,
B.Tech,,Electronics & Communication Engineering,,,6.57,Amdocs,,,,10,,On-Campus,
B.Tech,,Electronics & Communication Engineering,,,6.8,Amdocs,,,,10,,On-Campus,
B.Tech,,Electronics & Communication Engineering,,,7.05,Amdocs,,,,10,,On-Campus,
B.Tech,,Electronics & Communication Engineering,,,8.23,Amdocs,,,,10,,On-Campus,
B.Tech,,Electronics & Communication Engineering,,,8.11,Atlassian,,,,26.57,,On-Campus,
B.Tech,,Electronics & Communication Engineering,,,6.7,Axis Bank,,Analyst,,14,,On-Campus,
B.Tech,,Electronics & Communication Engineering,,,7.49,Barclays,,Business Analyst,,18.7,,PPO,
B.Tech,,Electronics & Communication Engineering,,,8.45,Barclays,,Business Analyst,,18.7,,PPO,
B.Tech,,Electronics & Communication Engineering,,,5.9,Beehyv,,Developer- Trainee,,7,,On-Campus,
B.Tech,,Electronics & Communication Engineering,,,7.91,Beehyv,,,,7,,On-Campus,
B.Tech,,Electronics & Communication Engineering,,,6.76,Bharat Electronics Ltd.,,,,11.04,,On-Campus,
B.Tech,,Electronics & Communication Engineering,,,8,Bharat Electronics Ltd.,,,,11.04,,On-Campus,
B.Tech,,Electronics & Communication Engineering,,,7.65,Brigosha Technologies,,,,14,,On-Campus,
B.Tech,,Electronics & Communication Engineering,,,6.24,Capgemini,,Associate Consultant,,10,,On-Campus,
B.Tech,,Electronics & Communication Engineering,,,6.44,Capgemini,,Associate Consultant,,10,,On-Campus,
B.Tech,,Electronics & Communication Engineering,,,6.92,CDAC,,Knowledge Associate,,7.8,,PPO,
B.Tech,,Electronics & Communication Engineering,,,6.54,Cogoport,,,,14,,On-Campus,
B.Tech,,Electronics & Communication Engineering,,,8.43,DG Takano,,,,30,,On-Campus,
B.Tech,,Electronics & Communication Engineering,,,6.64,Fiserv,,,,15,,On-Campus,
B.Tech,,Electronics & Communication Engineering,,,7.07,Flipkart,,,,28.58,,On-Campus,
B.Tech,,Electronics & Communication Engineering,,,7.17,Flipkart,,,,28.58,,On-Campus,
B.Tech,,Electronics & Communication Engineering,,,8.35,Flipkart,,,,28.58,,On-Campus,
B.Tech,,Electronics & Communication Engineering,,,8.4,Flipkart,,Software Develpoment Engineer,,26.58,,PPO,
B.Tech,,Electronics & Communication Engineering,,,6.91,Florance Capital,,,,20,,On-Campus,
B.Tech,,Electronics & Communication Engineering,,,7.76,Florence Capital (2nd Drive),,,,20,,On-Campus,
B.Tech,,Electronics & Communication Engineering,,,7.74,Goldman Sachs,,,,23,,On-Campus,
B.Tech,,Electronics & Communication Engineering,,,8.12,Goldman Sachs,,Software Engineer,,31.5,,PPO,
B.Tech,,Electronics & Communication Engineering,,,8.5,Goldman Sachs,,,,23,,On-Campus,
B.Tech,,Electronics & Communication Engineering,,,8.9,Goldman Sachs,,Software Engineer,,31.5,,PPO,
B.Tech,,Electronics & Communication Engineering,,,7.6,Google India,,,,30.36,,On-Campus,
B.Tech,,Electronics & Communication Engineering,,,8.67,Google India,,,,30.36,,On-Campus,
B.Tech,,Electronics & Communication Engineering,,,7.97,HCL,,Ericssion,,8.5,,On-Campus,
B.Tech,,Electronics & Communication Engineering,,,6.58,ICICI Bank,,,,16,,On-Campus,
B.Tech,,Electronics & Communication Engineering,,,7,ICICI Bank,,,,16,,On-Campus,
B.Tech,,Electronics & Communication Engineering,,,7.07,ICICI Bank,,,,16,,On-Campus,
B.Tech,,Electronics & Communication Engineering,,,7.83,ICICI Bank,,,,16,,On-Campus,
B.Tech,,Electronics & Communication Engineering,,,8.5,ICICI Bank,,,,16,,On-Campus,
B.Tech,,Electronics & Communication Engineering,,,8.29,Inmobi,,,,31.53,,On-Campus,
B.Tech,,Electronics & Communication Engineering,,,8.5,Inmobi,,,,31.53,,On-Campus,
B.Tech,,Electronics & Communication Engineering,,,8.76,Inmobi,,,,31.53,,On-Campus,
B.Tech,,Electronics & Communication Engineering,,,7.25,Innovaccer,,APM,,12,,On-Campus,
B.Tech,,Electronics & Communication Engineering,,,8.63,Instalimb,,Eletcrical & mechatronic,,17,,PPO,
B.Tech,,Electronics & Communication Engineering,,,7.71,Jaguar Landrover,,,,21.28,,On-Campus,
B.Tech,,Electronics & Communication Engineering,,,6.14,L&T Infotech,,,,9,,On-Campus,
B.Tech,,Electronics & Communication Engineering,,,7.18,L&T Infotech,,,,9,,On-Campus,
B.Tech,,Electronics & Communication Engineering,,,8.31,Mathwork,,,,21.8,,On-Campus,
B.Tech,,Electronics & Communication Engineering,,,7.17,Meesho,,,,37,,On-Campus,
B.Tech,,Electronics & Communication Engineering,,,7.57,Meesho,,,,37,,On-Campus,
B.Tech,,Electronics & Communication Engineering,,,7.68,Meesho,,,,37,,On-Campus,
B.Tech,,Electronics & Communication Engineering,,,8.31,Meesho,,,,37,,On-Campus,
B.Tech,,Electronics & Communication Engineering,,,8.36,Meesho,,,,37,,On-Campus,
B.Tech,,Electronics & Communication Engineering,,,7.67,Merilytics,,Senior Technical Associate,,9.5,,On-Campus,
B.Tech,,Electronics & Communication Engineering,,,7.51,Microsoft India,,,,46.08,,On-Campus,
B.Tech,,Electronics & Communication Engineering,,,8.16,Microsoft India,,,,46.08,,On-Campus,
B.Tech,,Electronics & Communication Engineering,,,8.6,Microsoft India,,,,46.08,,On-Campus,
B.Tech,,Electronics & Communication Engineering,,,7.95,Money Forward,,,,45.08,,On-Campus,
B.Tech,,Electronics & Communication Engineering,,,8.51,Money Forward,,,,45.08,,On-Campus,
B.Tech,,Electronics & Communication Engineering,,,7.97,Myntra,,,,30,,On-Campus,
B.Tech,,Electronics & Communication Engineering,,,8.27,Newzera,,,,33.87,,On-Campus,
B.Tech,,Electronics & Communication Engineering,,,8.66,Newzera,,,,33.87,,On-Campus,
B.Tech,,Electronics & Communication Engineering,,,6.92,Reliance Jio,,,,18.5,,On-Campus,
B.Tech,,Electronics & Communication Engineering,,,8.6,Reliance Jio,,,,18.5,,On-Campus,
B.Tech,,Electronics & Communication Engineering,,,6.75,Reliance Jio (TS1),,,,18.5,,On-Campus,
B.Tech,,Electronics & Communication Engineering,,,6.89,Reliance Jio (TS1),,,,18.5,,On-Campus,
B.Tech,,Electronics & Communication Engineering,,,7.34,Reliance Jio (TS1),,,,18.5,,On-Campus,
B.Tech,,Electronics & Communication Engineering,,,7.35,Reliance Jio (TS1),,,,18.5,,On-Campus,
B.Tech,,Electronics & Communication Engineering,,,7.48,Reliance Jio (TS1),,,,18.5,,On-Campus,
B.Tech,,Electronics & Communication Engineering,,,7.73,Reliance Jio (TS1),,,,18.5,,On-Campus,
B.Tech,,Electronics & Communication Engineering,,,8.37,Reliance Jio (TS1),,,,18.5,,On-Campus,
B.Tech,,Electronics & Communication Engineering,,,8.69,Reliance Jio (TS1),,,,18.5,,On-Campus,
B.Tech,,Electronics & Communication Engineering,,,8.93,Reliance Jio (TS1),,,,18.5,,On-Campus,
B.Tech,,Electronics & Communication Engineering,,,8.97,Reliance Jio (TS1),,,,18.5,,On-Campus,
B.Tech,,Electronics & Communication Engineering,,,7.46,"Samsung Research Institute, Bangalore",,,,20,,On-Campus,
B.Tech,,Electronics & Communication Engineering,,,8.11,"Samsung Research Institute, Bangalore",,,,20,,On-Campus,
B.Tech,,Electronics & Communication Engineering,,,8.38,"Samsung Research Institute, Bangalore",,,,20,,On-Campus,
B.Tech,,Electronics & Communication Engineering,,,8.4,"Samsung Research Institute, Bangalore",,Software Develper,,20,,PPO,
B.Tech,,Electronics & Communication Engineering,,,8.5,"Samsung Research Institute, Bangalore",,Software Developer,,20,,PPO,
B.Tech,,Electronics & Communication Engineering,,,8.86,"Samsung Research Institute, Bangalore",,Software Developer,,20,,PPO,
B.Tech,,Electronics & Communication Engineering,,,8.86,"Samsung Research Institute, Bangalore",,Software Developer,,20,,PPO,
B.Tech,,Electronics & Communication Engineering,,,9.25,"Samsung Research Institute, Bangalore",,,,40,,On-Campus,
B.Tech,,Electronics & Communication Engineering,,,9.01,Standard Chartered,,,,18.2,,PPO,
B.Tech,,Electronics & Communication Engineering,,,6.43,Sterlite Technologies LTD,,GET,,16,,On-Campus,
B.Tech,,Electronics & Communication Engineering,,,8.14,Sterlite Technologies LTD,,GET,,16,,On-Campus,
B.Tech,,Electronics & Communication Engineering,,,7.84,Swiggy,,,,32,,On-Campus,
B.Tech,,Electronics & Communication Engineering,,,6.28,Testbook,,Associate Business Manager,,12,,On-Campus,
B.Tech,,Electronics & Communication Engineering,,,8.72,Toppr,,,,21,,On-Campus,
B.Tech,,Electronics & Communication Engineering,,,9.14,Toyokoh,,IT Engineer,,19.78,,PPO,
B.Tech,,Electronics & Communication Engineering,,,8.1,Walmart,,Software Engineer,,22.62,,PPO,
B.Tech,,Electronics & Communication Engineering,,,8.4,Walmart,,Software Engineer,,22.62,,PPO,
B.Tech,,Electronics & Instrumentation Engineering,,,7.05,Accenture India,,,,15.92,,On-Campus,
B.Tech,,Electronics & Instrumentation Engineering,,,8.17,Amazon India,,,,29.91,,PPO,
B.Tech,,Electronics & Instrumentation Engineering,,,,Amazon India,,,,29.91,,PPO,
B.Tech,,Electronics & Instrumentation Engineering,,,7.72,Amdocs,,,,10,,On-Campus,
B.Tech,,Electronics & Instrumentation Engineering,,,6.57,Axis Bank,,Analyst,,14,,On-Campus,
B.Tech,,Electronics & Instrumentation Engineering,,,6.87,Cashfree,,,,19,,On-Campus,
B.Tech,,Electronics & Instrumentation Engineering,,,8.51,Cashfree,,,,19,,On-Campus,
B.Tech,,Electronics & Instrumentation Engineering,,,7.11,Cogoport,,,,14,,On-Campus,
B.Tech,,Electronics & Instrumentation Engineering,,,7.63,Cogoport,,,,14,,On-Campus,
B.Tech,,Electronics & Instrumentation Engineering,,,7.7,Cogoport,,,,14,,On-Campus,
B.Tech,,Electronics & Instrumentation Engineering,,,8.58,Deutsch Bank,,,,19.63,,On-Campus,
B.Tech,,Electronics & Instrumentation Engineering,,,7.7,Fiserv,,,,15,,On-Campus,
B.Tech,,Electronics & Instrumentation Engineering,,,7.61,Flipkart,,,,28.58,,On-Campus,
B.Tech,,Electronics & Instrumentation Engineering,,,7.73,Flipkart,,,,28.58,,On-Campus,
B.Tech,,Electronics & Instrumentation Engineering,,,8.39,Google India,,,,30.36,,On-Campus,
B.Tech,,Electronics & Instrumentation Engineering,,,6.78,HCL,,ERS SEMI,,8.5,,On-Campus,
B.Tech,,Electronics & Instrumentation Engineering,,,8.47,Innovaccer,,APM,,12,,On-Campus,
B.Tech,,Electronics & Instrumentation Engineering,,,7.02,L&T Infotech,,,,9,,On-Campus,
B.Tech,,Electronics & Instrumentation Engineering,,,6.11,Lumenci,,,,10,,On-Campus,
B.Tech,,Electronics & Instrumentation Engineering,,,7.13,Meesho,,,,37,,On-Campus,
B.Tech,,Electronics & Instrumentation Engineering,,,6.7,Merilytics,,Senior Technical Associate,,9.5,,On-Campus,
B.Tech,,Electronics & Instrumentation Engineering,,,7.22,Nineleaps,,Data Engineers,,12,,On-Campus,
B.Tech,,Electronics & Instrumentation Engineering,,,8.1,Oracle,,,,31.95,,On-Campus,
B.Tech,,Electronics & Instrumentation Engineering,,,8.23,Paytm,,SRIB,,21,,On-Campus,
B.Tech,,Electronics & Instrumentation Engineering,,,8.78,Standard Chartered,,,,18.2,,PPO,
B.Tech,,Electronics & Instrumentation Engineering,,,9.1,Texas Instrument,,,,28.41,,On-Campus,
B.Tech,,Electronics & Instrumentation Engineering,,,7.67,Toppr,,,,21,,On-Campus,
B.Tech,,Electronics & Instrumentation Engineering,,,8.03,Zomato,,,,20,,On-Campus,
B.Tech,,Engineering Physics,,,8.32,Amazon India,,,,29.91,,PPO,
B.Tech,,Engineering Physics,,,6.8,Future First,,,,12.4,,On-Campus,
B.Tech,,Engineering Physics,,,9.1,Google India,,,,22.76,,PPO,
B.Tech,,Engineering Physics,,,7.54,ICICI Bank,,,,16,,On-Campus,
B.Tech,,Engineering Physics,,,6.78,Nineleaps,,Data Engineers,,12,,On-Campus,
B.Tech,,Engineering Physics,,,7.15,Reliance Jio (TS2),,,,15,,On-Campus,
B.Tech,,Engineering Physics,,,7.06,Schneider Electric,,,,15,,On-Campus,
B.Tech,,Engineering Physics,,,7.61,Sprinklr,,Product Analyst,,18,,On-Campus,
B.Tech,,Engineering Physics,,,8.6,ZS Associates,,DSA,,18.25,,On-Campus,
B.Tech,,Environmental Engineering,,,8.39,Axis Bank,,Risk,,14,,On-Campus,
B.Tech,,Environmental Engineering,,,6.81,Byju's,,Faculty,,0,,On-Campus,
B.Tech,,Environmental Engineering,,,7.41,Cairn Oil &Gas,,,,20.2,,On-Campus,
B.Tech,,Environmental Engineering,,,7.9,Cairn Oil &Gas,,,,20.2,,On-Campus,
B.Tech,,Environmental Engineering,,,9.49,Cairn Oil &Gas,,Graduate Engineer Trainee,,14.95,,PPO,
B.Tech,,Environmental Engineering,,,6.35,Capgemini,,Associate Consultant,,10,,On-Campus,
B.Tech,,Environmental Engineering,,,7.47,Capgemini,,Associate Consultant,,10,,On-Campus,
B.Tech,,Environmental Engineering,,,8.33,Cogoport,,,,14,,On-Campus,
B.Tech,,Environmental Engineering,,,7.16,Future First,,,,12.4,,On-Campus,
B.Tech,,Environmental Engineering,,,7.62,Innovaccer,,,,14,,On-Campus,
B.Tech,,Environmental Engineering,,,7.65,Innovaccer,,,,14,,On-Campus,
B.Tech,,Environmental Engineering,,,7.11,Microsoft India,,,,45.03,,PPO,
B.Tech,,Environmental Engineering,,,9.11,Microsoft India,,,,45.03,,PPO,
B.Tech,,Environmental Engineering,,,7.42,PhonePe,,,,30.5,,On-Campus,
B.Tech,,Environmental Engineering,,,6.46,Quantiphi,,,,8.5,,On-Campus,
B.Tech,,Environmental Engineering,,,7.82,Razorpay,,,,31,,On-Campus,
B.Tech,,Environmental Engineering,,,6.94,SUDLife,,GET - SDE I – Digital Transformation,,,,On-Campus,
B.Tech,,Environmental Engineering,,,7.47,Tata Steel,,Management Trainee Technical,,10.52,,PPO,
B.Tech,,Environmental Engineering,,,8.05,Tata Steel_Enviro,,,,10.52,,On-Campus,
B.Tech,,Environmental Engineering,,,8.65,Tata Steel_Enviro,,,,10.52,,On-Campus,
B.Tech,,Environmental Engineering,,,7.1,Tiger analytics,,,,10,,On-Campus,
B.Tech,,Environmental Engineering,,,8.68,Walmart,,,,29,,On-Campus,
Integrated M.Tech,,Mathematics & Computing,,,7.79,Accenture Japan,,,,49.13,,On-Campus,
Integrated M.Tech,,Mathematics & Computing,,,8.08,Accenture Japan,,,,49.13,,On-Campus,
Integrated M.Tech,,Mathematics & Computing,,,9.24,Amazon Doublin,,,,100,,Off campus,
Integrated M.Tech,,Mathematics & Computing,,,8.18,Amazon India,,,,44.1,,On-Campus,
Integrated M.Tech,,Mathematics & Computing,,,8.45,Amazon India,,,,29.91,,PPO,
Integrated M.Tech,,Mathematics & Computing,,,8.95,Amazon India,,,,29.91,,PPO,
Integrated M.Tech,,Mathematics & Computing,,,9,Amazon India,,,,29.91,,PPO,
Integrated M.Tech,,Mathematics & Computing,,,6.56,Amdocs,,,,10,,On-Campus,
Integrated M.Tech,,Mathematics & Computing,,,8.41,Arista Networks,,,,7,,PPO,
Integrated M.Tech,,Mathematics & Computing,,,8.64,Arista Networks,,,,23.55,,On-Campus,
Integrated M.Tech,,Mathematics & Computing,,,7.56,Axis Bank,,Internal Audit,,14,,On-Campus,
Integrated M.Tech,,Mathematics & Computing,,,6.33,Axxela Advisory,,,,11.5,,On-Campus,
Integrated M.Tech,,Mathematics & Computing,,,7.38,Cashfree,,,,19,,On-Campus,
Integrated M.Tech,,Mathematics & Computing,,,7.67,Cogoport,,,,14,,On-Campus,
Integrated M.Tech,,Mathematics & Computing,,,6.38,Dell,,,,14,,On-Campus,
Integrated M.Tech,,Mathematics & Computing,,,8.48,Flipkart,,Software Develpoment Engineer,,26.58,,Online Event,
Integrated M.Tech,,Mathematics & Computing,,,8.81,Flipkart,,Software Develpoment Engineer,,28.58,,Online Event,
Integrated M.Tech,,Mathematics & Computing,,,8,Goldman Sachs,,,,23,,On-Campus,
Integrated M.Tech,,Mathematics & Computing,,,8.06,Goldman Sachs,,Software Engineer,,31.5,,PPO,
Integrated M.Tech,,Mathematics & Computing,,,8.45,Google India,,Software Engineer,,30.36,,PPO,
Integrated M.Tech,,Mathematics & Computing,,,8.95,Google India,,Software Engineer,,30.36,,PPO,
Integrated M.Tech,,Mathematics & Computing,,,6.8,IBM,,,,17.25,,PPO,
Integrated M.Tech,,Mathematics & Computing,,,7.37,IBM,,,,15,,On-Campus,
Integrated M.Tech,,Mathematics & Computing,,,8.98,Inmobi,,,,31.53,,On-Campus,
Integrated M.Tech,,Mathematics & Computing,,,8.08,Microsoft India,,,,46.08,,On-Campus,
Integrated M.Tech,,Mathematics & Computing,,,8.33,Microsoft India,,,,46.08,,On-Campus,
Integrated M.Tech,,Mathematics & Computing,,,8.45,Microsoft India,,,,45.03,,PPO,
Integrated M.Tech,,Mathematics & Computing,,,7.61,Money Forward,,,,45.08,,On-Campus,
Integrated M.Tech,,Mathematics & Computing,,,5.64,Nineleaps,,SDE,,12,,On-Campus,
Integrated M.Tech,,Mathematics & Computing,,,8.68,Oracle,,,,31.95,,On-Campus,
Integrated M.Tech,,Mathematics & Computing,,,6.23,Reliance Jio (TS1),,,,18.5,,On-Campus,
Integrated M.Tech,,Mathematics & Computing,,,7.05,Reliance Jio (TS1),,,,18.5,,On-Campus,
Integrated M.Tech,,Mathematics & Computing,,,7.38,Reliance Jio (TS1),,,,18.5,,On-Campus,
Integrated M.Tech,,Mathematics & Computing,,,7.62,Reliance Jio (TS1),,,,18.5,,On-Campus,
Integrated M.Tech,,Mathematics & Computing,,,8.47,Reliance Jio (TS1),,,,18.5,,On-Campus,
Integrated M.Tech,,Mathematics & Computing,,,8.48,Reliance Jio (TS1),,,,18.5,,On-Campus,
Integrated M.Tech,,Mathematics & Computing,,,8.59,Reliance Jio (TS1),,,,18.5,,On-Campus,
Integrated M.Tech,,Mathematics & Computing,,,8.67,Reliance Jio (TS1),,,,18.5,,On-Campus,
Integrated M.Tech,,Mathematics & Computing,,,8.53,"Samsung Research Institute, Bangalore",,Software Developer,,20,,PPO,
Integrated M.Tech,,Mathematics & Computing,,,8.71,"Samsung Research Institute, Bangalore",,,,40,,On-Campus,
Integrated M.Tech,,Mathematics & Computing,,,8.75,Sliceit,,,,23,,On-Campus,
Integrated M.Tech,,Mathematics & Computing,,,7.37,Sling Media,,,,12.72,,On-Campus,
Integrated M.Tech,,Mathematics & Computing,,,8.25,Standard Chartered,,,,18.2,,PPO,
Integrated M.Tech,,Mathematics & Computing,,,8.45,Udaan,,,,40,,On-Campus,
Integrated M.Tech,,Mathematics & Computing,,,8.17,Walmart,,Software Engineer,,24.17,,PPO,
Integrated M.Tech,,Mathematics & Computing,,,8.31,Walmart,,Software Engineer,,24.17,,PPO,
Integrated M.Tech,,Mathematics & Computing,,,6.8,Wipro Limited,,Project Engineer,,6.5,,On-Campus,
B.Tech,,Mechanical Engineering,,,6.46,Aarti Industries,,,,7,,On-Campus,
B.Tech,,Mechanical Engineering,,,8.68,Aarti Industries,,,,7,,On-Campus,
B.Tech,,Mechanical Engineering,,,8.09,Accenture India,,,,15.92,,On-Campus,
B.Tech,,Mechanical Engineering,,,7.26,Accenture Japan,,,,49.13,,On-Campus,
B.Tech,,Mechanical Engineering,,,8.96,Addverb,,,,14.33,,On-Campus,
B.Tech,,Mechanical Engineering,,,6.6,Aditya Birla,,,,6,,On-Campus,
B.Tech,,Mechanical Engineering,,,7,Aditya Birla,,,,6,,On-Campus,
B.Tech,,Mechanical Engineering,,,7.96,Aditya Birla,,,,6,,On-Campus,
B.Tech,,Mechanical Engineering,,,7.41,American Express,,,,19.19,,On-Campus,
B.Tech,,Mechanical Engineering,,,7.57,Axis Bank,,Analyst,,14,,On-Campus,
B.Tech,,Mechanical Engineering,,,7.48,Axxela Advisory,,,,11.5,,On-Campus,
B.Tech,,Mechanical Engineering,,,7.89,Bajaj Auto,,,,14.09,,On-Campus,
B.Tech,,Mechanical Engineering,,,8.18,Bajaj Auto,,,,14.09,,On-Campus,
B.Tech,,Mechanical Engineering,,,7.86,Beehyv,,,,7,,On-Campus,
B.Tech,,Mechanical Engineering,,,6.51,Bharat Electronics Ltd.,,,,11.04,,On-Campus,
B.Tech,,Mechanical Engineering,,,8.25,Bharat Electronics Ltd.,,,,11.04,,On-Campus,
B.Tech,,Mechanical Engineering,,,8.65,Bharat Electronics Ltd.,,,,11.04,,On-Campus,
B.Tech,,Mechanical Engineering,,,8.71,Bharat Electronics Ltd.,,,,11.04,,On-Campus,
B.Tech,,Mechanical Engineering,,,9.09,Bharat Electronics Ltd.,,,,11.04,,On-Campus,
B.Tech,,Mechanical Engineering,,,9.31,Bharat Electronics Ltd.,,,,11.04,,On-Campus,
B.Tech,,Mechanical Engineering,,,6.73,Capgemini,,Associate Consultant,,10,,On-Campus,
B.Tech,,Mechanical Engineering,,,7.85,Capgemini,,Associate Consultant,,10,,On-Campus,
B.Tech,,Mechanical Engineering,,,7.95,Cogoport,,,,14,,On-Campus,
B.Tech,,Mechanical Engineering,,,8.46,Cogoport,,,,14,,On-Campus,
B.Tech,,Mechanical Engineering,,,8.46,Deutsch Bank,,,,19.63,,On-Campus,
B.Tech,,Mechanical Engineering,,,8.59,Deutsch Bank,,,,19.63,,On-Campus,
B.Tech,,Mechanical Engineering,,,8.15,DG Takano,,Mechanical Engineer,,30,,PPO,
B.Tech,,Mechanical Engineering,,,7,Field Genie Pvt Ltd,,Management Traniee,,8,,On-Campus,
B.Tech,,Mechanical Engineering,,,7.03,Flipkart,,,,28.58,,On-Campus,
B.Tech,,Mechanical Engineering,,,7.74,Flipkart,,,,28.58,,On-Campus,
B.Tech,,Mechanical Engineering,,,8.53,Flipkart,,,,28.58,,On-Campus,
B.Tech,,Mechanical Engineering,,,7.09,Future First,,,,12.4,,On-Campus,
B.Tech,,Mechanical Engineering,,,6.02,HCL,,ERS SEMI,,8.5,,On-Campus,
B.Tech,,Mechanical Engineering,,,6.01,Holcim Group_ACC cement,,0,,10,,On-Campus,
B.Tech,,Mechanical Engineering,,,6.19,Holcim Group_ACC cement,,0,,10,,On-Campus,
B.Tech,,Mechanical Engineering,,,6.46,Holcim Group_ACC cement,,0,,10,,On-Campus,
B.Tech,,Mechanical Engineering,,,7,Holcim Group_ACC cement,,0,,10,,On-Campus,
B.Tech,,Mechanical Engineering,,,7,Holcim Group_ACC cement,,0,,10,,On-Campus,
B.Tech,,Mechanical Engineering,,,7.4,I'm Beside You,,Business Developer,,36,,PPO,
B.Tech,,Mechanical Engineering,,,6.96,ICICI Bank,,,,16,,On-Campus,
B.Tech,,Mechanical Engineering,,,7.35,ICICI Bank,,,,16,,On-Campus,
B.Tech,,Mechanical Engineering,,,7.62,ICICI Bank,,,,16,,On-Campus,
B.Tech,,Mechanical Engineering,,,7.28,idrive,,,,15,,On-Campus,
B.Tech,,Mechanical Engineering,,,7.72,Innovaccer,,APM,,12,,On-Campus,
B.Tech,,Mechanical Engineering,,,7.81,Innovaccer,,APM,,12,,On-Campus,
B.Tech,,Mechanical Engineering,,,8.27,Innovaccer,,APM,,12,,On-Campus,
B.Tech,,Mechanical Engineering,,,8.34,Innovaccer,,APM,,12,,On-Campus,
B.Tech,,Mechanical Engineering,,,7.44,John Deere,,,,10.8,,On-Campus,
B.Tech,,Mechanical Engineering,,,7.76,L&T Construction,,,,6,,On-Campus,
B.Tech,,Mechanical Engineering,,,8.88,L&T Construction,,,,6,,On-Campus,
B.Tech,,Mechanical Engineering,,,6.93,L&T Infotech,,,,9,,On-Campus,
B.Tech,,Mechanical Engineering,,,7.42,L&T Infotech,,,,9,,On-Campus,
B.Tech,,Mechanical Engineering,,,7.54,L&T Infotech,,,,9,,On-Campus,
B.Tech,,Mechanical Engineering,,,8,Mathwork,,,,21.8,,On-Campus,
B.Tech,,Mechanical Engineering,,,8.59,Meesho,,,,37,,On-Campus,
B.Tech,,Mechanical Engineering,,,8.51,Merilytics,,Senior Business Analyst,,9.5,,On-Campus,
B.Tech,,Mechanical Engineering,,,8.17,Myntra,,,,30,,PPO,
B.Tech,,Mechanical Engineering,,,8.38,Myntra,,,,30,,PPO,
B.Tech,,Mechanical Engineering,,,6.83,Nineleaps,,Data Engineers,,12,,On-Campus,
B.Tech,,Mechanical Engineering,,,7.64,Nineleaps,,SDE,,12,,On-Campus,
B.Tech,,Mechanical Engineering,,,7.62,PWC,,,,10,,On-Campus,
B.Tech,,Mechanical Engineering,,,8.35,Razorpay,,,,31,,On-Campus,
B.Tech,,Mechanical Engineering,,,7.13,Reliance Jio (TS2),,,,15,,On-Campus,
B.Tech,,Mechanical Engineering,,,7.36,Reliance Jio (TS2),,,,15,,On-Campus,
B.Tech,,Mechanical Engineering,,,7.61,"Samsung Research Institute, Bangalore",,,,20,,On-Campus,
B.Tech,,Mechanical Engineering,,,7.23,Scheneider Electic,,,,15,,On-Campus,
B.Tech,,Mechanical Engineering,,,9.1,Scheneider Electic,,,,15,,On-Campus,
B.Tech,,Mechanical Engineering,,,9.18,Scheneider Electic,,,,15,,On-Campus,
B.Tech,,Mechanical Engineering,,,7.1,Schneider Electric,,,,15,,On-Campus,
B.Tech,,Mechanical Engineering,,,7.53,Schneider Electric,,,,15,,On-Campus,
B.Tech,,Mechanical Engineering,,,9.06,Simwell,,,,15,,On-Campus,
B.Tech,,Mechanical Engineering,,,7.29,Sling Media,,,,12.72,,On-Campus,
B.Tech,,Mechanical Engineering,,,7.41,Sprinklr,,Product Analyst,,18,,On-Campus,
B.Tech,,Mechanical Engineering,,,7.72,Sprinklr,,Product Analyst,,18,,On-Campus,
B.Tech,,Mechanical Engineering,,,8.04,Sprinklr,,Product Analyst,,18,,On-Campus,
B.Tech,,Mechanical Engineering,,,7.2,Standard Chartered,,,,17.22,,On-Campus,
B.Tech,,Mechanical Engineering,,,8.43,Standard Chartered,,,,18.2,,PPO,
B.Tech,,Mechanical Engineering,,,6.06,Sterlite Technologies LTD,,GET,,16,,On-Campus,
B.Tech,,Mechanical Engineering,,,7.78,Sterlite Technologies LTD,,GET,,16,,On-Campus,
B.Tech,,Mechanical Engineering,,,8.07,Talent Recruit,,Software Engineer,,10,,On-Campus,
B.Tech,,Mechanical Engineering,,,6.88,Tata Electronics Pvt. Ltd,,Graduate Engineer Trainee,,8,,Pooled Campus,
B.Tech,,Mechanical Engineering,,,6.92,Tata Electronics Pvt. Ltd,,Graduate Engineer Trainee,,8,,Pooled Campus,
B.Tech,,Mechanical Engineering,,,7.27,Tata Electronics Pvt. Ltd,,Graduate Engineer Trainee,,8,,Pooled Campus,
B.Tech,,Mechanical Engineering,,,7.88,Tata Electronics Pvt. Ltd,,Graduate Engineer Trainee,,8,,Pooled Campus,
B.Tech,,Mechanical Engineering,,,8.55,Tata Electronics Pvt. Ltd,,Graduate Engineer Trainee,,8,,Pooled Campus,
B.Tech,,Mechanical Engineering,,,7.53,Testbook,,SDE,,14,,On-Campus,
B.Tech,,Mechanical Engineering,,,7.51,Truminds,,,,13.5,,On-Campus,
B.Tech,,Mechanical Engineering,,,8.15,Truminds,,,,13.5,,On-Campus,
B.Tech,,Mechanical Engineering,,,7.02,ZS Associates,,,,18.25,,On-Campus,
B.Tech,,Mineral & Metallurgical Engineering,,,7.14,Accenture India,,,,15.92,,On-Campus,
B.Tech,,Mineral & Metallurgical Engineering,,,7.99,Accenture India,,,,15.92,,On-Campus,
B.Tech,,Mineral & Metallurgical Engineering,,,8.13,Amazon India,,,,29.91,,PPO,
B.Tech,,Mineral & Metallurgical Engineering,,,9.06,Axis Bank,,Internal Audit,,14,,On-Campus,
B.Tech,,Mineral & Metallurgical Engineering,,,8.17,Axxela Advisory,,,,11.5,,On-Campus,
B.Tech,,Mineral & Metallurgical Engineering,,,6.97,Capgemini,,Associate Consultant,,10,,On-Campus,
B.Tech,,Mineral & Metallurgical Engineering,,,6.59,Cubation Consulting,,,,7.66,,On-Campus,
B.Tech,,Mineral & Metallurgical Engineering,,,7.99,Cubation Consulting,,,,7.66,,On-Campus,
B.Tech,,Mineral & Metallurgical Engineering,,,6.28,Flipkart,,,,28.58,,On-Campus,
B.Tech,,Mineral & Metallurgical Engineering,,,6.54,Flipkart,,,,28.58,,On-Campus,
B.Tech,,Mineral & Metallurgical Engineering,,,7.75,Flipkart,,,,28.58,,On-Campus,
B.Tech,,Mineral & Metallurgical Engineering,,,6.56,Future First,,,,12.4,,On-Campus,
B.Tech,,Mineral & Metallurgical Engineering,,,8.46,Merilytics,,Senior Analyst - Data Science,,10.3,,On-Campus,
B.Tech,,Mineral & Metallurgical Engineering,,,7.51,Nucleus Software,,ASE,,10,,On-Campus,
B.Tech,,Mineral & Metallurgical Engineering,,,9.22,PhonePe,,,,30.5,,On-Campus,
B.Tech,,Mineral & Metallurgical Engineering,,,7.49,Razorpay,,,,31,,On-Campus,
B.Tech,,Mineral & Metallurgical Engineering,,,6.96,Reliance Jio (TS2),,,,15,,On-Campus,
B.Tech,,Mineral & Metallurgical Engineering,,,8.96,Reliance Jio (TS2),,,,15,,On-Campus,
B.Tech,,Mineral & Metallurgical Engineering,,,7.54,Sprinklr,,Product Analyst,,18,,On-Campus,
B.Tech,,Mineral & Metallurgical Engineering,,,8.81,Standard Chartered,,,,18.2,,PPO,
B.Tech,,Mineral & Metallurgical Engineering,,,8.58,Tata Steel,,Management Trainee Technical,,10.52,,PPO,
B.Tech,,Mineral & Metallurgical Engineering,,,7.35,Toppr,,,,21,,On-Campus,
B.Tech,,Mineral & Metallurgical Engineering,,,5.83,Vedanta Ltd,,,,7,,On-Campus,
B.Tech,,Mineral & Metallurgical Engineering,,,6.51,Vedanta Ltd,,,,7,,On-Campus,
B.Tech,,Mineral & Metallurgical Engineering,,,6.78,Vedanta Ltd,,,,7,,On-Campus,
B.Tech,,Mineral & Metallurgical Engineering,,,7.37,Vedanta Ltd,,,,7,,On-Campus,
B.Tech,,Mineral & Metallurgical Engineering,,,7.56,Vedanta Ltd,,,,7,,On-Campus,
B.Tech,,Mineral & Metallurgical Engineering,,,7.67,Vedanta Ltd,,,,7,,On-Campus,
B.Tech,,Mineral & Metallurgical Engineering,,,8.02,Vedanta Ltd,,,,7,,On-Campus,
B.Tech,,Mineral & Metallurgical Engineering,,,6.64,ZS Associates,,Data Analyst,,12.85,,PPO,
B.Tech,,Mining Engineering,,,7.37,Accenture India (2nd Drive),,,,15.92,,On-Campus,
B.Tech,,Mining Engineering,,,6.72,Adani Enterprises Ltd,,0,,0,,On-Campus,
B.Tech,,Mining Engineering,,,6.94,Adani Enterprises Ltd,,0,,0,,On-Campus,
B.Tech,,Mining Engineering,,,7.5,Adani Enterprises Ltd,,0,,0,,On-Campus,
B.Tech,,Mining Engineering,,,7.41,Aditya Birla,,,,6,,On-Campus,
B.Tech,,Mining Engineering,,,7.99,Aditya Birla,,,,6,,On-Campus,
B.Tech,,Mining Engineering,,,8.08,Aditya Birla,,,,6,,On-Campus,
B.Tech,,Mining Engineering,,,7.27,Axis Bank,,Analyst,,14,,On-Campus,
B.Tech,,Mining Engineering,,,7.44,Axis Bank,,Analyst,,14,,On-Campus,
B.Tech,,Mining Engineering,,,7.63,Axis Bank,,Analyst,,14,,On-Campus,
B.Tech,,Mining Engineering,,,8.08,Axis Bank,,Internal Audit,,14,,On-Campus,
B.Tech,,Mining Engineering,,,7.97,Axxela Advisory,,Trainee Analyst,,8,,PPO,
B.Tech,,Mining Engineering,,,8.28,Axxela Advisory,,,,11.5,,On-Campus,
B.Tech,,Mining Engineering,,,#N/A,Beehyv,,,,7,,On-Campus,
B.Tech,,Mining Engineering,,,7.39,Capgemini,,Associate Consultant,,10,,On-Campus,
B.Tech,,Mining Engineering,,,6.75,Cogoport,,,,14,,On-Campus,
B.Tech,,Mining Engineering,,,8.02,Cogoport,,,,14,,On-Campus,
B.Tech,,Mining Engineering,,,8.42,CRISIL,,,,8.2,,On-Campus,
B.Tech,,Mining Engineering,,,6.58,Cubation Consulting,,,,7.66,,On-Campus,
B.Tech,,Mining Engineering,,,7.7,Cubation Consulting,,,,7.66,,On-Campus,
B.Tech,,Mining Engineering,,,7.6,Flipkart,,,,28.58,,On-Campus,
B.Tech,,Mining Engineering,,,7.61,Future First,,,,12.4,,On-Campus,
B.Tech,,Mining Engineering,,,6.24,Holcim Group_ACC cement,,0,,10,,On-Campus,
B.Tech,,Mining Engineering,,,6.34,Holcim Group_ACC cement,,0,,10,,On-Campus,
B.Tech,,Mining Engineering,,,6.69,Holcim Group_ACC cement,,0,,10,,On-Campus,
B.Tech,,Mining Engineering,,,6.74,Holcim Group_ACC cement,,0,,10,,On-Campus,
B.Tech,,Mining Engineering,,,6.77,Holcim Group_ACC cement,,0,,10,,On-Campus,
B.Tech,,Mining Engineering,,,6.96,Holcim Group_ACC cement,,0,,10,,On-Campus,
B.Tech,,Mining Engineering,,,7.27,Holcim Group_ACC cement,,0,,10,,On-Campus,
B.Tech,,Mining Engineering,,,7.8,Holcim Group_ACC cement,,0,,10,,On-Campus,
B.Tech,,Mining Engineering,,,7.71,ICICI Bank,,,,16,,On-Campus,
B.Tech,,Mining Engineering,,,8.25,ICICI Bank,,,,16,,On-Campus,
B.Tech,,Mining Engineering,,,7.4,MediBuddy,,SDE-I,,15,,On-Campus,
B.Tech,,Mining Engineering,,,7.66,Meesho,,,,37,,On-Campus,
B.Tech,,Mining Engineering,,,7.79,Meesho,,,,37,,On-Campus,
B.Tech,,Mining Engineering,,,7.17,Merilytics,,Senior Business Analyst,,9.5,,On-Campus,
B.Tech,,Mining Engineering,,,7.4,Merilytics,,Senior Business Analyst,,9.5,,On-Campus,
B.Tech,,Mining Engineering,,,7.57,Merilytics,,Senior Business Analyst,,9.5,,On-Campus,
B.Tech,,Mining Engineering,,,7.7,Merilytics,,Senior Business Analyst,,9.5,,On-Campus,
B.Tech,,Mining Engineering,,,8.47,Merilytics,,Senior Business Analyst,,9.5,,On-Campus,
B.Tech,,Mining Engineering,,,8.11,Microsoft India,,Software Engineer,,45.03,,PPO,
B.Tech,,Mining Engineering,,,6.98,Nineleaps,,Data Engineers,,12,,On-Campus,
B.Tech,,Mining Engineering,,,7.65,PhonePe,,,,30.5,,On-Campus,
B.Tech,,Mining Engineering,,,6.5,PWC,,,,10,,On-Campus,
B.Tech,,Mining Engineering,,,7.89,PwC,,Associate,,8,,PPO,
B.Tech,,Mining Engineering,,,8.23,PWC,,,,10,,On-Campus,
B.Tech,,Mining Engineering,,,9.04,PWC,,,,10,,On-Campus,
B.Tech,,Mining Engineering,,,7.76,Reliance Jio (TS2),,,,15,,On-Campus,
B.Tech,,Mining Engineering,,,8.54,Reliance Jio (TS2),,,,15,,On-Campus,
B.Tech,,Mining Engineering,,,7.44,Sprinklr,,Product Analyst,,18,,On-Campus,
B.Tech,,Mining Engineering,,,8,Sprinklr,,Product Analyst,,18,,On-Campus,
B.Tech,,Mining Engineering,,,7.52,Tata Steel,,Management Trainee Technical,,10.52,,PPO,
B.Tech,,Mining Engineering,,,8.26,Tata Steel,,Management Trainee Technical,,10.52,,PPO,
B.Tech,,Mining Engineering,,,8.65,Tata Steel,,Management Trainee Technical,,10.52,,PPO,
B.Tech,,Mining Engineering,,,6.32,Tata Steel Long Product Ltd,,,,4.5,,On-Campus,
B.Tech,,Mining Engineering,,,8.01,Testbook,,SDE,,14,,On-Campus,
B.Tech,,Mining Engineering,,,7.3,Tiger analytics,,,,10,,On-Campus,
B.Tech,,Mining Engineering,,,6.18,Vedanta Ltd,,,,9,,On-Campus,
B.Tech,,Mining Engineering,,,6.41,Vedanta Ltd,,,,9,,On-Campus,
B.Tech,,Mining Engineering,,,6.5,Vedanta Ltd,,,,9,,On-Campus,
B.Tech,,Mining Engineering,,,6.53,Vedanta Ltd,,,,9,,On-Campus,
B.Tech,,Mining Engineering,,,6.68,Vedanta Ltd,,,,9,,On-Campus,
B.Tech,,Mining Engineering,,,6.89,Vedanta Ltd,,,,9,,On-Campus,
B.Tech,,Mining Engineering,,,7.05,Vedanta Ltd,,,,9,,On-Campus,
B.Tech,,Mining Engineering,,,7.07,Vedanta Ltd,,,,9,,On-Campus,
B.Tech,,Mining Engineering,,,7.31,Vedanta Ltd,,,,9,,On-Campus,
B.Tech,,Mining Engineering,,,7.33,Vedanta Ltd,,,,9,,On-Campus,
B.Tech,,Mining Engineering,,,7.92,Vedanta Ltd,,,,9,,On-Campus,
B.Tech,,Mining Engineering,,,7.94,Vedanta Ltd,,,,9,,On-Campus,
B.Tech,,Mining Engineering,,,8.11,Walmart,,,,29,,On-Campus,
B.Tech,,Mining Engineering,,,8.47,Walmart,,,,37,,On-Campus,
B.Tech,,Mining Engineering,,,7.06,ZS Associates,,Data Analyst,,12.85,,PPO,
B.Tech,,Mining Engineering,,,8.04,ZS Associates,,DSA,,18.25,,On-Campus,
B.Tech,,Mining Engineering,,,8.51,ZS Associates,,DSA,,18.25,,On-Campus,
B.Tech,,Mining Machinery Engineering,,,7.53,Addverb,,,,14.33,,On-Campus,
B.Tech,,Mining Machinery Engineering,,,7.5,Axxela Advisory,,,,11.5,,On-Campus,
B.Tech,,Mining Machinery Engineering,,,7.23,Cubation Consulting,,,,7.66,,On-Campus,
B.Tech,,Mining Machinery Engineering,,,8.29,Cubation Consulting,,,,7.66,,On-Campus,
B.Tech,,Mining Machinery Engineering,,,9.37,Cubation Consulting,,,,7.66,,On-Campus,
B.Tech,,Mining Machinery Engineering,,,6.99,DarwinBox,,Business Analyst,,8.45,,On-Campus,
B.Tech,,Mining Machinery Engineering,,,7.88,Future First,,,,12.4,,On-Campus,
B.Tech,,Mining Machinery Engineering,,,7.86,I'm Beside You,,Web Engineer,,36,,PPO,
B.Tech,,Mining Machinery Engineering,,,7.92,ICICI Bank,,,,16,,On-Campus,
B.Tech,,Mining Machinery Engineering,,,7.32,Latent Analytics,,Analyst L1,,6.5,,On-Campus,
B.Tech,,Mining Machinery Engineering,,,6.99,MediBuddy,,SDE-I,,15,,On-Campus,
B.Tech,,Mining Machinery Engineering,,,7.95,Meesho,,,,37,,On-Campus,
B.Tech,,Mining Machinery Engineering,,,7.6,Merilytics,,Senior Technical Associate,,9.5,,On-Campus,
B.Tech,,Mining Machinery Engineering,,,7.68,Merilytics,,Senior Business Analyst,,9.5,,On-Campus,
B.Tech,,Mining Machinery Engineering,,,7.85,Merilytics,,Senior Business Analyst,,9.5,,On-Campus,
B.Tech,,Mining Machinery Engineering,,,9.1,Microsoft India,,,,45.03,,PPO,
B.Tech,,Mining Machinery Engineering,,,7.35,Nineleaps,,Data Engineers,,12,,On-Campus,
B.Tech,,Mining Machinery Engineering,,,7.32,PhonePe,,,,30.5,,On-Campus,
B.Tech,,Mining Machinery Engineering,,,8.32,PwC,,Associate,,8,,PPO,
B.Tech,,Mining Machinery Engineering,,,9.05,PwC,,Associate,,8,,PPO,
B.Tech,,Mining Machinery Engineering,,,9.35,PwC,,Associate,,8,,PPO,
B.Tech,,Mining Machinery Engineering,,,9.2,Razorpay,,,,31,,On-Campus,
B.Tech,,Mining Machinery Engineering,,,9.06,Sprinklr,,Product Analyst,,18,,On-Campus,
B.Tech,,Mining Machinery Engineering,,,7.7,Standard Chartered,,,,17.22,,On-Campus,
B.Tech,,Mining Machinery Engineering,,,6.84,Terex,,GET,,7.5,,On-Campus,
B.Tech,,Mining Machinery Engineering,,,6.59,Testbook,,Associate Program Manager,,11,,On-Campus,
B.Tech,,Mining Machinery Engineering,,,7.95,Testbook,,Analyst,,11,,On-Campus,
B.Tech,,Mining Machinery Engineering,,,8.22,Toppr,,,,21,,On-Campus,
B.Tech,,Mining Machinery Engineering,,,6.81,Vedanta Ltd,,GET,,11.5,,On-Campus,
B.Tech,,Mining Machinery Engineering,,,6.89,Vedanta Ltd,,GET,,11.5,,On-Campus,
B.Tech,,Mining Machinery Engineering,,,6.92,Vedanta Ltd,,GET,,11.5,,On-Campus,
B.Tech,,Mining Machinery Engineering,,,7.21,Vedanta Ltd,,GET,,11.5,,On-Campus,
B.Tech,,Mining Machinery Engineering,,,6.49,Wipro Limited,,Project Engineer,,6.5,,On-Campus,
,,,,,,,,,,,,,
,,,,,,,,,,,,,
,,,,,,,,,,,,,
,,,,,,,,,,,,,
B.Tech,,Petroleum Engineering,,,7.93,Adobe,,Member of Technical Staff,,14.85,,PPO,
B.Tech,,Petroleum Engineering,,,6.09,Axxela Advisory,,,,11.5,,On-Campus,
B.Tech,,Petroleum Engineering,,,7.76,Axxela Advisory,,,,11.5,,On-Campus,
B.Tech,,Petroleum Engineering,,,7.25,Cairn Oil &Gas,,,,20.2,,On-Campus,
B.Tech,,Petroleum Engineering,,,7.27,Cairn Oil &Gas,,,,20.2,,On-Campus,
B.Tech,,Petroleum Engineering,,,7.32,Cairn Oil &Gas,,,,20.2,,On-Campus,
B.Tech,,Petroleum Engineering,,,7.78,Cairn Oil &Gas,,,,20.2,,On-Campus,
B.Tech,,Petroleum Engineering,,,7.87,Cairn Oil &Gas,,,,20.2,,On-Campus,
B.Tech,,Petroleum Engineering,,,7.99,Cairn Oil &Gas,,Graduate Engineer Trainee,,14.95,,PPO,
B.Tech,,Petroleum Engineering,,,8.12,Cairn Oil &Gas,,Graduate Engineer Trainee,,14.95,,PPO,
B.Tech,,Petroleum Engineering,,,8.47,Cairn Oil &Gas,,,,20.2,,On-Campus,
B.Tech,,Petroleum Engineering,,,8.53,Cairn Oil &Gas,,Graduate Engineer Trainee,,14.95,,PPO,
B.Tech,,Petroleum Engineering,,,8.59,Cairn Oil &Gas,,,,20.2,,On-Campus,
B.Tech,,Petroleum Engineering,,,8.64,Cairn Oil &Gas,,Graduate Engineer Trainee,,14.95,,PPO,
B.Tech,,Petroleum Engineering,,,8.69,Cairn Oil &Gas,,,,20.2,,On-Campus,
B.Tech,,Petroleum Engineering,,,8.8,Cairn Oil &Gas,,Graduate Engineer Trainee,,14.95,,PPO,
B.Tech,,Petroleum Engineering,,,9.14,Cairn Oil &Gas,,Graduate Engineer Trainee,,14.95,,PPO,
B.Tech,,Petroleum Engineering,,,9.32,Cairn Oil &Gas,,Graduate Engineer Trainee,,14.95,,PPO,
B.Tech,,Petroleum Engineering,,,6.78,Cubation Consulting,,,,7.66,,On-Campus,
B.Tech,,Petroleum Engineering,,,6.85,Cubation Consulting,,,,7.66,,On-Campus,
B.Tech,,Petroleum Engineering,,,7.15,Cubation Consulting,,,,7.66,,On-Campus,
B.Tech,,Petroleum Engineering,,,7.3,DarwinBox,,Business Analyst,,8.45,,On-Campus,
B.Tech,,Petroleum Engineering,,,6.82,Essar enp,,,,8,,On-Campus,
B.Tech,,Petroleum Engineering,,,7.71,Essar enp,,,,8,,On-Campus,
B.Tech,,Petroleum Engineering,,,7.71,Essar enp,,,,8,,On-Campus,
B.Tech,,Petroleum Engineering,,,7.89,ExxonMobil,,,,11.41,,On-Campus,
B.Tech,,Petroleum Engineering,,,8.09,ExxonMobil,,,,11.41,,On-Campus,
B.Tech,,Petroleum Engineering,,,8.15,ExxonMobil,,,,11.41,,PPO,
B.Tech,,Petroleum Engineering,,,8.2,ExxonMobil,,,,11.41,,PPO,
B.Tech,,Petroleum Engineering,,,7.94,ICICI Bank,,,,16,,On-Campus,
B.Tech,,Petroleum Engineering,,,6.95,Innovaccer,,,,14,,On-Campus,
B.Tech,,Petroleum Engineering,,,8.38,Jubilant Pharmova Ltd,,GET,,11,,On-Campus,
B.Tech,,Petroleum Engineering,,,7.96,Meesho,,,,37,,On-Campus,
B.Tech,,Petroleum Engineering,,,8.31,Merilytics,,Senior Business Analyst,,9.5,,On-Campus,
B.Tech,,Petroleum Engineering,,,6.63,ONGC,,AEE (Production),,25,,On-Campus,
B.Tech,,Petroleum Engineering,,,7.18,ONGC,,AEE (Drilling),,25,,On-Campus,
B.Tech,,Petroleum Engineering,,,7.25,ONGC,,AEE (Production),,25,,On-Campus,
B.Tech,,Petroleum Engineering,,,7.36,ONGC,,AEE (Production),,25,,On-Campus,
B.Tech,,Petroleum Engineering,,,7.4,ONGC,,AEE (Production),,25,,On-Campus,
B.Tech,,Petroleum Engineering,,,7.59,ONGC,,AEE (Production),,25,,On-Campus,
B.Tech,,Petroleum Engineering,,,7.7,ONGC,,AEE (Drilling),,25,,On-Campus,
B.Tech,,Petroleum Engineering,,,7.74,ONGC,,AEE (Drilling),,25,,On-Campus,
B.Tech,,Petroleum Engineering,,,7.79,ONGC,,AEE (Reservior),,25,,On-Campus,
B.Tech,,Petroleum Engineering,,,7.98,ONGC,,AEE (Production),,25,,On-Campus,
B.Tech,,Petroleum Engineering,,,8.03,ONGC,,AEE (Drilling),,25,,On-Campus,
B.Tech,,Petroleum Engineering,,,8.06,ONGC,,AEE (Production),,25,,On-Campus,
B.Tech,,Petroleum Engineering,,,8.09,ONGC,,AEE (Production),,25,,On-Campus,
B.Tech,,Petroleum Engineering,,,8.33,ONGC,,AEE (Drilling),,25,,On-Campus,
B.Tech,,Petroleum Engineering,,,8.35,ONGC,,AEE (Drilling),,25,,On-Campus,
B.Tech,,Petroleum Engineering,,,8.5,ONGC,,AEE (Production),,25,,On-Campus,
B.Tech,,Petroleum Engineering,,,8.51,ONGC,,AEE (Reservior),,25,,On-Campus,
B.Tech,,Petroleum Engineering,,,7.22,Reliance Industries (E&P),,GET,,9,,On-Campus,
B.Tech,,Petroleum Engineering,,,7.5,Reliance Industries (E&P),,GET,,9,,On-Campus,
B.Tech,,Petroleum Engineering,,,7.56,Reliance Industries (E&P),,GET,,9,,On-Campus,
B.Tech,,Petroleum Engineering,,,7.9,Simpl Technology,,,,13,,On-Campus,
B.Tech,,Petroleum Engineering,,,7.27,Tiger analytics,,,,10,,On-Campus,
B.Tech,,Petroleum Engineering,,,7.8,Toppr,,,,21,,On-Campus,
B.Tech,,Petroleum Engineering,,,8.11,Unacademy,,,,20,,On-Campus,
,,,,,,,,,,,,,
,,,,,,,,,,,,,
,,,,,,,,,,,,,
,,,,,,,,,,,,,
,,,,,,,,,,,,,
,,,,,,,,,,,,,
,,,,,,,,,,,,,
,,,,,,,,,,,,,
,,,,,,,,,,,,,
,,,,,,,,,,,,,
,,,,,,,,,,,,,
,,,,,,,,,,,,,
,,,,,,,,,,,,,
,,,,,,,,,,,,,
,,,,,,,,,,,,,
,,,,,,,,,,,,,
,,,,,,,,,,,,,
,,,,,,,,,,,,,
,,,,,,,,,,,,,
,,,,,,,,,,,,,
,,,,,,,,,,,,,
,,,,,,,,,,,,,
,,,,,,,,,,,,,
,,,,,,,,,,,,,
,,,,,,,,,,,,,
,,,,,,,,,,,,,
,,,,,,,,,,,,,
,,,,,,,,,,,,,
,,,,,,,,,,,,,
,,,,,,,,,,,,,
,,,,,,,,,,,,,
,,,,,,,,,,,,,
,,,,,,,,,,,,,
,,,,,,,,,,,,,
,,,,,,,,,,,,,
,,,,,,,,,,,,,
,,,,,,,,,,,,,
,,,,,,,,,,,,,
,,,,,,,,,,,,,
,,,,,,,,,,,,,
,,,,,,,,,,,,,
,,,,,,,,,,,,,
,,,,,,,,,,,,,
,,,,,,,,,,,,,
,,,,,,,,,,,,,
,,,,,,,,,,,,,
,,,,,,,,,,,,,
,,,,,,,,,,,,,
,,,,,,,,,,,,,
,,,,,,,,,,,,,
,,,,,,,,,,,,,
,,,,,,,,,,,,,
,,,,,,,,,,,,,
,,,,,,,,,,,,,
,,,,,,,,,,,,,
,,,,,,,,,,,,,
,,,,,,,,,,,,,
,,,,,,,,,,,,,
,,,,,,,,,,,,,
